{
    "skeleton_head.png": {
        "0": [
            101.12108154296875,
            98.32366027832032,
            -0.5955587029457092
        ],
        "1": [
            107.52335815429689,
            89.66117706298829,
            -0.5632567405700684
        ],
        "2": [
            111.26076660156251,
            89.55769958496094,
            -0.5634450912475586
        ],
        "3": [
            114.48399353027344,
            89.59110107421876,
            -0.5635724663734436
        ],
        "4": [
            95.36237945556641,
            90.12335968017578,
            -0.5683853030204773
        ],
        "5": [
            91.1197525024414,
            90.48913116455078,
            -0.5684790015220642
        ],
        "6": [
            87.41453704833984,
            90.9463119506836,
            -0.568712055683136
        ],
        "7": [
            119.7507537841797,
            93.34259185791015,
            -0.343868225812912
        ],
        "8": [
            82.97393493652345,
            95.7183609008789,
            -0.3660811185836792
        ],
        "9": [
            109.66773376464845,
            110.2813934326172,
            -0.5106114149093628
        ],
        "10": [
            93.8666976928711,
            111.10293579101562,
            601.0136927374746,
            -0.517131507396698
        ],
        "21": [
            507.87510871887207,
            589.3707927342955,
            -0.387208491563797
        ],
        "22": [
            299.76649284362793,
            587.4685821067523,
            -0.4244236648082733
        ],
        "23": [
            446.1495876312256,
            542.833317769265,
            0.002641723956912756
        ],
        "24": [
            367.09444522857666,
            539.6324553543044,
            -0.0028505052905529737
        ],
        "25": [
            445.87841033935547,
            799.966744222088,
            -0.011279270984232426
        ],
        "26": [
            365.77348709106445,
            810.0889933557986,
            -0.0200490839779377
        ],
        "27": [
            444.9452877044678,
            1057.336587217065,
            0.20050421357154846
        ],
        "28": [
            358.9479923248291,
            1056.9793173400942,
            0.21147210896015167
        ],
        "29": [
            436.34071350097656,
            1087.988479940234,
            0.20460325479507446
        ],
        "30": [
            365.94438552856445,
            1088.163203164738,
            0.21719011664390564
        ],
        "31": [
            452.58593559265137,
            1137.7600855162766,
            -0.06747998297214508
        ],
        "32": [
            350.51963329315186,
            1136.2823517373474,
            -0.04695722833275795
        ]
    }
}